sst2_number,sst2
1,"<mark style=""background-color: hsl(0, 75%, 76%); opacity:1.0;                     line-height:1.75""><font color=""black""> [BEGIN]                    </font></mark><mark style=""background-color: hsl(120, 75%, 82%); opacity:1.0;                     line-height:1.75""><font color=""black""> its                    </font></mark><mark style=""background-color: hsl(120, 75%, 82%); opacity:1.0;                     line-height:1.75""><font color=""black""> oscar                    </font></mark><mark style=""background-color: hsl(120, 75%, 77%); opacity:1.0;                     line-height:1.75""><font color=""black""> nomination                    </font></mark><mark style=""background-color: hsl(0, 75%, 87%); opacity:1.0;                     line-height:1.75""><font color=""black""> [END]                    </font></mark>"
2,"<mark style=""background-color: hsl(0, 75%, 97%); opacity:1.0;                     line-height:1.75""><font color=""black""> [BEGIN]                    </font></mark><mark style=""background-color: hsl(0, 75%, 96%); opacity:1.0;                     line-height:1.75""><font color=""black""> shenanigans                    </font></mark><mark style=""background-color: hsl(120, 75%, 86%); opacity:1.0;                     line-height:1.75""><font color=""black""> and                    </font></mark><mark style=""background-color: hsl(0, 75%, 93%); opacity:1.0;                     line-height:1.75""><font color=""black""> slapstick                    </font></mark><mark style=""background-color: hsl(120, 75%, 86%); opacity:1.0;                     line-height:1.75""><font color=""black""> [END]                    </font></mark>"
3,"<mark style=""background-color: hsl(0, 75%, 84%); opacity:1.0;                     line-height:1.75""><font color=""black""> [BEGIN]                    </font></mark><mark style=""background-color: hsl(120, 75%, 89%); opacity:1.0;                     line-height:1.75""><font color=""black""> an                    </font></mark><mark style=""background-color: hsl(0, 75%, 100%); opacity:1.0;                     line-height:1.75""><font color=""black""> unsettling                    </font></mark><mark style=""background-color: hsl(120, 75%, 73%); opacity:1.0;                     line-height:1.75""><font color=""black""> sight                    </font></mark><mark style=""background-color: hsl(0, 75%, 87%); opacity:1.0;                     line-height:1.75""><font color=""black""> ,                    </font></mark><mark style=""background-color: hsl(120, 75%, 76%); opacity:1.0;                     line-height:1.75""><font color=""black""> [END]                    </font></mark>"
4,"<mark style=""background-color: hsl(0, 75%, 93%); opacity:1.0;                     line-height:1.75""><font color=""black""> [BEGIN]                    </font></mark><mark style=""background-color: hsl(0, 75%, 95%); opacity:1.0;                     line-height:1.75""><font color=""black""> the                    </font></mark><mark style=""background-color: hsl(120, 75%, 77%); opacity:1.0;                     line-height:1.75""><font color=""black""> climactic                    </font></mark><mark style=""background-color: hsl(0, 75%, 79%); opacity:1.0;                     line-height:1.75""><font color=""black""> hourlong                    </font></mark><mark style=""background-color: hsl(0, 75%, 79%); opacity:1.0;                     line-height:1.75""><font color=""black""> cricket                    </font></mark><mark style=""background-color: hsl(120, 75%, 87%); opacity:1.0;                     line-height:1.75""><font color=""black""> match                    </font></mark><mark style=""background-color: hsl(120, 75%, 93%); opacity:1.0;                     line-height:1.75""><font color=""black""> [END]                    </font></mark>"
5,"<mark style=""background-color: hsl(120, 75%, 94%); opacity:1.0;                     line-height:1.75""><font color=""black""> [BEGIN]                    </font></mark><mark style=""background-color: hsl(120, 75%, 98%); opacity:1.0;                     line-height:1.75""><font color=""black""> alternating                    </font></mark><mark style=""background-color: hsl(0, 75%, 100%); opacity:1.0;                     line-height:1.75""><font color=""black""> between                    </font></mark><mark style=""background-color: hsl(0, 75%, 95%); opacity:1.0;                     line-height:1.75""><font color=""black""> facetious                    </font></mark><mark style=""background-color: hsl(120, 75%, 83%); opacity:1.0;                     line-height:1.75""><font color=""black""> comic                    </font></mark><mark style=""background-color: hsl(0, 75%, 97%); opacity:1.0;                     line-height:1.75""><font color=""black""> parody                    </font></mark><mark style=""background-color: hsl(120, 75%, 98%); opacity:1.0;                     line-height:1.75""><font color=""black""> and                    </font></mark><mark style=""background-color: hsl(120, 75%, 99%); opacity:1.0;                     line-height:1.75""><font color=""black""> pulp                    </font></mark><mark style=""background-color: hsl(120, 75%, 100%); opacity:1.0;                     line-height:1.75""><font color=""black""> melodrama                    </font></mark><mark style=""background-color: hsl(120, 75%, 97%); opacity:1.0;                     line-height:1.75""><font color=""black""> ,                    </font></mark><mark style=""background-color: hsl(120, 75%, 99%); opacity:1.0;                     line-height:1.75""><font color=""black""> this                    </font></mark><mark style=""background-color: hsl(120, 75%, 95%); opacity:1.0;                     line-height:1.75""><font color=""black""> smart-aleck                    </font></mark><mark style=""background-color: hsl(0, 75%, 97%); opacity:1.0;                     line-height:1.75""><font color=""black""> movie                    </font></mark><mark style=""background-color: hsl(0, 75%, 97%); opacity:1.0;                     line-height:1.75""><font color=""black""> ...                    </font></mark><mark style=""background-color: hsl(0, 75%, 98%); opacity:1.0;                     line-height:1.75""><font color=""black""> tosses                    </font></mark><mark style=""background-color: hsl(120, 75%, 98%); opacity:1.0;                     line-height:1.75""><font color=""black""> around                    </font></mark><mark style=""background-color: hsl(120, 75%, 89%); opacity:1.0;                     line-height:1.75""><font color=""black""> some                    </font></mark><mark style=""background-color: hsl(120, 75%, 97%); opacity:1.0;                     line-height:1.75""><font color=""black""> intriguing                    </font></mark><mark style=""background-color: hsl(120, 75%, 94%); opacity:1.0;                     line-height:1.75""><font color=""black""> questions                    </font></mark><mark style=""background-color: hsl(120, 75%, 95%); opacity:1.0;                     line-height:1.75""><font color=""black""> about                    </font></mark><mark style=""background-color: hsl(120, 75%, 95%); opacity:1.0;                     line-height:1.75""><font color=""black""> the                    </font></mark><mark style=""background-color: hsl(0, 75%, 95%); opacity:1.0;                     line-height:1.75""><font color=""black""> difference                    </font></mark><mark style=""background-color: hsl(120, 75%, 78%); opacity:1.0;                     line-height:1.75""><font color=""black""> between                    </font></mark><mark style=""background-color: hsl(0, 75%, 92%); opacity:1.0;                     line-height:1.75""><font color=""black""> human                    </font></mark><mark style=""background-color: hsl(120, 75%, 84%); opacity:1.0;                     line-height:1.75""><font color=""black""> and                    </font></mark><mark style=""background-color: hsl(120, 75%, 92%); opacity:1.0;                     line-height:1.75""><font color=""black""> android                    </font></mark><mark style=""background-color: hsl(120, 75%, 86%); opacity:1.0;                     line-height:1.75""><font color=""black""> life                    </font></mark><mark style=""background-color: hsl(120, 75%, 82%); opacity:1.0;                     line-height:1.75""><font color=""black""> [END]                    </font></mark>"
6,"<mark style=""background-color: hsl(0, 75%, 86%); opacity:1.0;                     line-height:1.75""><font color=""black""> [BEGIN]                    </font></mark><mark style=""background-color: hsl(0, 75%, 99%); opacity:1.0;                     line-height:1.75""><font color=""black""> to                    </font></mark><mark style=""background-color: hsl(120, 75%, 100%); opacity:1.0;                     line-height:1.75""><font color=""black""> be                    </font></mark><mark style=""background-color: hsl(120, 75%, 75%); opacity:1.0;                     line-height:1.75""><font color=""black""> a                    </font></mark><mark style=""background-color: hsl(120, 75%, 92%); opacity:1.0;                     line-height:1.75""><font color=""black""> part                    </font></mark><mark style=""background-color: hsl(120, 75%, 93%); opacity:1.0;                     line-height:1.75""><font color=""black""> of                    </font></mark><mark style=""background-color: hsl(120, 75%, 87%); opacity:1.0;                     line-height:1.75""><font color=""black""> that                    </font></mark><mark style=""background-color: hsl(120, 75%, 80%); opacity:1.0;                     line-height:1.75""><font color=""black""> elusive                    </font></mark><mark style=""background-color: hsl(120, 75%, 74%); opacity:1.0;                     line-height:1.75""><font color=""black""> adult                    </font></mark><mark style=""background-color: hsl(120, 75%, 95%); opacity:1.0;                     line-height:1.75""><font color=""black""> world                    </font></mark><mark style=""background-color: hsl(120, 75%, 95%); opacity:1.0;                     line-height:1.75""><font color=""black""> [END]                    </font></mark>"
7,"<mark style=""background-color: hsl(120, 75%, 80%); opacity:1.0;                     line-height:1.75""><font color=""black""> [BEGIN]                    </font></mark><mark style=""background-color: hsl(120, 75%, 69%); opacity:1.0;                     line-height:1.75""><font color=""black""> emotional                    </font></mark><mark style=""background-color: hsl(0, 75%, 96%); opacity:1.0;                     line-height:1.75""><font color=""black""> power                    </font></mark><mark style=""background-color: hsl(120, 75%, 68%); opacity:1.0;                     line-height:1.75""><font color=""black""> [END]                    </font></mark>"
8,"<mark style=""background-color: hsl(120, 75%, 100%); opacity:1.0;                     line-height:1.75""><font color=""black""> [BEGIN]                    </font></mark><mark style=""background-color: hsl(0, 75%, 87%); opacity:1.0;                     line-height:1.75""><font color=""black""> reminds                    </font></mark><mark style=""background-color: hsl(120, 75%, 78%); opacity:1.0;                     line-height:1.75""><font color=""black""> you                    </font></mark><mark style=""background-color: hsl(120, 75%, 88%); opacity:1.0;                     line-height:1.75""><font color=""black""> of                    </font></mark><mark style=""background-color: hsl(120, 75%, 85%); opacity:1.0;                     line-height:1.75""><font color=""black""> why                    </font></mark><mark style=""background-color: hsl(120, 75%, 97%); opacity:1.0;                     line-height:1.75""><font color=""black""> animation                    </font></mark><mark style=""background-color: hsl(120, 75%, 97%); opacity:1.0;                     line-height:1.75""><font color=""black""> is                    </font></mark><mark style=""background-color: hsl(120, 75%, 97%); opacity:1.0;                     line-height:1.75""><font color=""black""> such                    </font></mark><mark style=""background-color: hsl(120, 75%, 97%); opacity:1.0;                     line-height:1.75""><font color=""black""> a                    </font></mark><mark style=""background-color: hsl(120, 75%, 98%); opacity:1.0;                     line-height:1.75""><font color=""black""> perfect                    </font></mark><mark style=""background-color: hsl(120, 75%, 94%); opacity:1.0;                     line-height:1.75""><font color=""black""> medium                    </font></mark><mark style=""background-color: hsl(120, 75%, 93%); opacity:1.0;                     line-height:1.75""><font color=""black""> for                    </font></mark><mark style=""background-color: hsl(120, 75%, 88%); opacity:1.0;                     line-height:1.75""><font color=""black""> children                    </font></mark><mark style=""background-color: hsl(0, 75%, 97%); opacity:1.0;                     line-height:1.75""><font color=""black""> ,                    </font></mark><mark style=""background-color: hsl(120, 75%, 96%); opacity:1.0;                     line-height:1.75""><font color=""black""> because                    </font></mark><mark style=""background-color: hsl(120, 75%, 91%); opacity:1.0;                     line-height:1.75""><font color=""black""> of                    </font></mark><mark style=""background-color: hsl(120, 75%, 94%); opacity:1.0;                     line-height:1.75""><font color=""black""> the                    </font></mark><mark style=""background-color: hsl(0, 75%, 98%); opacity:1.0;                     line-height:1.75""><font color=""black""> way                    </font></mark><mark style=""background-color: hsl(120, 75%, 90%); opacity:1.0;                     line-height:1.75""><font color=""black""> it                    </font></mark><mark style=""background-color: hsl(0, 75%, 92%); opacity:1.0;                     line-height:1.75""><font color=""black""> allows                    </font></mark><mark style=""background-color: hsl(120, 75%, 93%); opacity:1.0;                     line-height:1.75""><font color=""black""> the                    </font></mark><mark style=""background-color: hsl(0, 75%, 93%); opacity:1.0;                     line-height:1.75""><font color=""black""> mind                    </font></mark><mark style=""background-color: hsl(120, 75%, 96%); opacity:1.0;                     line-height:1.75""><font color=""black""> to                    </font></mark><mark style=""background-color: hsl(120, 75%, 100%); opacity:1.0;                     line-height:1.75""><font color=""black""> enter                    </font></mark><mark style=""background-color: hsl(120, 75%, 94%); opacity:1.0;                     line-height:1.75""><font color=""black""> and                    </font></mark><mark style=""background-color: hsl(0, 75%, 99%); opacity:1.0;                     line-height:1.75""><font color=""black""> accept                    </font></mark><mark style=""background-color: hsl(120, 75%, 97%); opacity:1.0;                     line-height:1.75""><font color=""black""> another                    </font></mark><mark style=""background-color: hsl(120, 75%, 92%); opacity:1.0;                     line-height:1.75""><font color=""black""> world                    </font></mark><mark style=""background-color: hsl(120, 75%, 84%); opacity:1.0;                     line-height:1.75""><font color=""black""> [END]                    </font></mark>"
9,"<mark style=""background-color: hsl(120, 75%, 92%); opacity:1.0;                     line-height:1.75""><font color=""black""> [BEGIN]                    </font></mark><mark style=""background-color: hsl(0, 75%, 87%); opacity:1.0;                     line-height:1.75""><font color=""black""> unparalleled                    </font></mark><mark style=""background-color: hsl(0, 75%, 95%); opacity:1.0;                     line-height:1.75""><font color=""black""> proportions                    </font></mark><mark style=""background-color: hsl(0, 75%, 75%); opacity:1.0;                     line-height:1.75""><font color=""black""> ,                    </font></mark><mark style=""background-color: hsl(0, 75%, 91%); opacity:1.0;                     line-height:1.75""><font color=""black""> writer-director                    </font></mark><mark style=""background-color: hsl(120, 75%, 93%); opacity:1.0;                     line-height:1.75""><font color=""black""> parker                    </font></mark><mark style=""background-color: hsl(0, 75%, 98%); opacity:1.0;                     line-height:1.75""><font color=""black""> [END]                    </font></mark>"
10,"<mark style=""background-color: hsl(0, 75%, 89%); opacity:1.0;                     line-height:1.75""><font color=""black""> [BEGIN]                    </font></mark><mark style=""background-color: hsl(0, 75%, 91%); opacity:1.0;                     line-height:1.75""><font color=""black""> this                    </font></mark><mark style=""background-color: hsl(0, 75%, 90%); opacity:1.0;                     line-height:1.75""><font color=""black""> surprisingly                    </font></mark><mark style=""background-color: hsl(0, 75%, 68%); opacity:1.0;                     line-height:1.75""><font color=""black""> decent                    </font></mark><mark style=""background-color: hsl(0, 75%, 91%); opacity:1.0;                     line-height:1.75""><font color=""black""> flick                    </font></mark><mark style=""background-color: hsl(0, 75%, 88%); opacity:1.0;                     line-height:1.75""><font color=""black""> [END]                    </font></mark>"
11,"<mark style=""background-color: hsl(0, 75%, 94%); opacity:1.0;                     line-height:1.75""><font color=""black""> [BEGIN]                    </font></mark><mark style=""background-color: hsl(0, 75%, 97%); opacity:1.0;                     line-height:1.75""><font color=""black""> about                    </font></mark><mark style=""background-color: hsl(120, 75%, 98%); opacity:1.0;                     line-height:1.75""><font color=""black""> the                    </font></mark><mark style=""background-color: hsl(0, 75%, 89%); opacity:1.0;                     line-height:1.75""><font color=""black""> best                    </font></mark><mark style=""background-color: hsl(0, 75%, 98%); opacity:1.0;                     line-height:1.75""><font color=""black""> thing                    </font></mark><mark style=""background-color: hsl(0, 75%, 94%); opacity:1.0;                     line-height:1.75""><font color=""black""> you                    </font></mark><mark style=""background-color: hsl(0, 75%, 100%); opacity:1.0;                     line-height:1.75""><font color=""black""> could                    </font></mark><mark style=""background-color: hsl(0, 75%, 95%); opacity:1.0;                     line-height:1.75""><font color=""black""> say                    </font></mark><mark style=""background-color: hsl(120, 75%, 99%); opacity:1.0;                     line-height:1.75""><font color=""black""> about                    </font></mark><mark style=""background-color: hsl(0, 75%, 99%); opacity:1.0;                     line-height:1.75""><font color=""black""> narc                    </font></mark><mark style=""background-color: hsl(0, 75%, 95%); opacity:1.0;                     line-height:1.75""><font color=""black""> is                    </font></mark><mark style=""background-color: hsl(0, 75%, 89%); opacity:1.0;                     line-height:1.75""><font color=""black""> that                    </font></mark><mark style=""background-color: hsl(120, 75%, 100%); opacity:1.0;                     line-height:1.75""><font color=""black""> it                    </font></mark><mark style=""background-color: hsl(0, 75%, 98%); opacity:1.0;                     line-height:1.75""><font color=""black""> 's                    </font></mark><mark style=""background-color: hsl(0, 75%, 96%); opacity:1.0;                     line-height:1.75""><font color=""black""> a                    </font></mark><mark style=""background-color: hsl(120, 75%, 97%); opacity:1.0;                     line-height:1.75""><font color=""black""> rock-solid                    </font></mark><mark style=""background-color: hsl(120, 75%, 81%); opacity:1.0;                     line-height:1.75""><font color=""black""> little                    </font></mark><mark style=""background-color: hsl(0, 75%, 87%); opacity:1.0;                     line-height:1.75""><font color=""black""> genre                    </font></mark><mark style=""background-color: hsl(0, 75%, 94%); opacity:1.0;                     line-height:1.75""><font color=""black""> picture                    </font></mark><mark style=""background-color: hsl(120, 75%, 75%); opacity:1.0;                     line-height:1.75""><font color=""black""> .                    </font></mark><mark style=""background-color: hsl(120, 75%, 98%); opacity:1.0;                     line-height:1.75""><font color=""black""> [END]                    </font></mark>"
12,"<mark style=""background-color: hsl(0, 75%, 72%); opacity:1.0;                     line-height:1.75""><font color=""black""> [BEGIN]                    </font></mark><mark style=""background-color: hsl(0, 75%, 92%); opacity:1.0;                     line-height:1.75""><font color=""black""> the                    </font></mark><mark style=""background-color: hsl(0, 75%, 80%); opacity:1.0;                     line-height:1.75""><font color=""black""> very                    </font></mark><mark style=""background-color: hsl(0, 75%, 96%); opacity:1.0;                     line-height:1.75""><font color=""black""> best                    </font></mark><mark style=""background-color: hsl(0, 75%, 84%); opacity:1.0;                     line-height:1.75""><font color=""black""> [END]                    </font></mark>"
13,"<mark style=""background-color: hsl(0, 75%, 99%); opacity:1.0;                     line-height:1.75""><font color=""black""> [BEGIN]                    </font></mark><mark style=""background-color: hsl(0, 75%, 88%); opacity:1.0;                     line-height:1.75""><font color=""black""> been                    </font></mark><mark style=""background-color: hsl(0, 75%, 94%); opacity:1.0;                     line-height:1.75""><font color=""black""> modeled                    </font></mark><mark style=""background-color: hsl(0, 75%, 96%); opacity:1.0;                     line-height:1.75""><font color=""black""> on                    </font></mark><mark style=""background-color: hsl(0, 75%, 93%); opacity:1.0;                     line-height:1.75""><font color=""black""> the                    </font></mark><mark style=""background-color: hsl(0, 75%, 99%); opacity:1.0;                     line-height:1.75""><font color=""black""> worst                    </font></mark><mark style=""background-color: hsl(120, 75%, 93%); opacity:1.0;                     line-height:1.75""><font color=""black""> revenge-of-the-nerds                    </font></mark><mark style=""background-color: hsl(120, 75%, 99%); opacity:1.0;                     line-height:1.75""><font color=""black""> cliches                    </font></mark><mark style=""background-color: hsl(0, 75%, 93%); opacity:1.0;                     line-height:1.75""><font color=""black""> the                    </font></mark><mark style=""background-color: hsl(0, 75%, 100%); opacity:1.0;                     line-height:1.75""><font color=""black""> filmmakers                    </font></mark><mark style=""background-color: hsl(0, 75%, 97%); opacity:1.0;                     line-height:1.75""><font color=""black""> could                    </font></mark><mark style=""background-color: hsl(120, 75%, 98%); opacity:1.0;                     line-height:1.75""><font color=""black""> dredge                    </font></mark><mark style=""background-color: hsl(0, 75%, 89%); opacity:1.0;                     line-height:1.75""><font color=""black""> up                    </font></mark><mark style=""background-color: hsl(0, 75%, 100%); opacity:1.0;                     line-height:1.75""><font color=""black""> [END]                    </font></mark>"
14,"<mark style=""background-color: hsl(120, 75%, 82%); opacity:1.0;                     line-height:1.75""><font color=""black""> [BEGIN]                    </font></mark><mark style=""background-color: hsl(120, 75%, 64%); opacity:1.0;                     line-height:1.75""><font color=""black""> tell                    </font></mark><mark style=""background-color: hsl(120, 75%, 73%); opacity:1.0;                     line-height:1.75""><font color=""black""> you                    </font></mark><mark style=""background-color: hsl(120, 75%, 93%); opacity:1.0;                     line-height:1.75""><font color=""black""> [END]                    </font></mark>"
15,"<mark style=""background-color: hsl(120, 75%, 91%); opacity:1.0;                     line-height:1.75""><font color=""black""> [BEGIN]                    </font></mark><mark style=""background-color: hsl(0, 75%, 87%); opacity:1.0;                     line-height:1.75""><font color=""black""> utterly                    </font></mark><mark style=""background-color: hsl(0, 75%, 69%); opacity:1.0;                     line-height:1.75""><font color=""black""> absorbing                    </font></mark><mark style=""background-color: hsl(0, 75%, 81%); opacity:1.0;                     line-height:1.75""><font color=""black""> [END]                    </font></mark>"
16,"<mark style=""background-color: hsl(0, 75%, 71%); opacity:1.0;                     line-height:1.75""><font color=""black""> [BEGIN]                    </font></mark><mark style=""background-color: hsl(0, 75%, 78%); opacity:1.0;                     line-height:1.75""><font color=""black""> restate                    </font></mark><mark style=""background-color: hsl(120, 75%, 99%); opacity:1.0;                     line-height:1.75""><font color=""black""> [END]                    </font></mark>"
17,"<mark style=""background-color: hsl(120, 75%, 80%); opacity:1.0;                     line-height:1.75""><font color=""black""> [BEGIN]                    </font></mark><mark style=""background-color: hsl(120, 75%, 96%); opacity:1.0;                     line-height:1.75""><font color=""black""> bears                    </font></mark><mark style=""background-color: hsl(120, 75%, 88%); opacity:1.0;                     line-height:1.75""><font color=""black""> about                    </font></mark><mark style=""background-color: hsl(120, 75%, 88%); opacity:1.0;                     line-height:1.75""><font color=""black""> as                    </font></mark><mark style=""background-color: hsl(120, 75%, 100%); opacity:1.0;                     line-height:1.75""><font color=""black""> much                    </font></mark><mark style=""background-color: hsl(120, 75%, 93%); opacity:1.0;                     line-height:1.75""><font color=""black""> resemblance                    </font></mark><mark style=""background-color: hsl(120, 75%, 93%); opacity:1.0;                     line-height:1.75""><font color=""black""> to                    </font></mark><mark style=""background-color: hsl(0, 75%, 96%); opacity:1.0;                     line-height:1.75""><font color=""black""> the                    </font></mark><mark style=""background-color: hsl(120, 75%, 75%); opacity:1.0;                     line-height:1.75""><font color=""black""> experiences                    </font></mark><mark style=""background-color: hsl(120, 75%, 98%); opacity:1.0;                     line-height:1.75""><font color=""black""> of                    </font></mark><mark style=""background-color: hsl(120, 75%, 96%); opacity:1.0;                     line-height:1.75""><font color=""black""> most                    </font></mark><mark style=""background-color: hsl(120, 75%, 86%); opacity:1.0;                     line-height:1.75""><font color=""black""> battered                    </font></mark><mark style=""background-color: hsl(120, 75%, 76%); opacity:1.0;                     line-height:1.75""><font color=""black""> women                    </font></mark><mark style=""background-color: hsl(120, 75%, 100%); opacity:1.0;                     line-height:1.75""><font color=""black""> as                    </font></mark><mark style=""background-color: hsl(120, 75%, 100%); opacity:1.0;                     line-height:1.75""><font color=""black""> spider-man                    </font></mark><mark style=""background-color: hsl(120, 75%, 90%); opacity:1.0;                     line-height:1.75""><font color=""black""> [END]                    </font></mark>"
18,"<mark style=""background-color: hsl(0, 75%, 73%); opacity:1.0;                     line-height:1.75""><font color=""black""> [BEGIN]                    </font></mark><mark style=""background-color: hsl(120, 75%, 98%); opacity:1.0;                     line-height:1.75""><font color=""black""> expressively                    </font></mark><mark style=""background-color: hsl(120, 75%, 89%); opacity:1.0;                     line-height:1.75""><font color=""black""> performed                    </font></mark><mark style=""background-color: hsl(120, 75%, 68%); opacity:1.0;                     line-height:1.75""><font color=""black""> [END]                    </font></mark>"
19,"<mark style=""background-color: hsl(120, 75%, 65%); opacity:1.0;                     line-height:1.75""><font color=""black""> [BEGIN]                    </font></mark><mark style=""background-color: hsl(120, 75%, 100%); opacity:1.0;                     line-height:1.75""><font color=""black""> the                    </font></mark><mark style=""background-color: hsl(0, 75%, 98%); opacity:1.0;                     line-height:1.75""><font color=""black""> acting                    </font></mark><mark style=""background-color: hsl(120, 75%, 100%); opacity:1.0;                     line-height:1.75""><font color=""black""> is                    </font></mark><mark style=""background-color: hsl(120, 75%, 84%); opacity:1.0;                     line-height:1.75""><font color=""black""> amateurish                    </font></mark><mark style=""background-color: hsl(0, 75%, 96%); opacity:1.0;                     line-height:1.75""><font color=""black""> ,                    </font></mark><mark style=""background-color: hsl(120, 75%, 92%); opacity:1.0;                     line-height:1.75""><font color=""black""> the                    </font></mark><mark style=""background-color: hsl(120, 75%, 93%); opacity:1.0;                     line-height:1.75""><font color=""black""> cinematography                    </font></mark><mark style=""background-color: hsl(0, 75%, 93%); opacity:1.0;                     line-height:1.75""><font color=""black""> is                    </font></mark><mark style=""background-color: hsl(0, 75%, 95%); opacity:1.0;                     line-height:1.75""><font color=""black""> atrocious                    </font></mark><mark style=""background-color: hsl(120, 75%, 83%); opacity:1.0;                     line-height:1.75""><font color=""black""> [END]                    </font></mark>"
20,"<mark style=""background-color: hsl(0, 75%, 84%); opacity:1.0;                     line-height:1.75""><font color=""black""> [BEGIN]                    </font></mark><mark style=""background-color: hsl(120, 75%, 98%); opacity:1.0;                     line-height:1.75""><font color=""black""> solidly                    </font></mark><mark style=""background-color: hsl(120, 75%, 97%); opacity:1.0;                     line-height:1.75""><font color=""black""> constructed                    </font></mark><mark style=""background-color: hsl(0, 75%, 64%); opacity:1.0;                     line-height:1.75""><font color=""black""> [END]                    </font></mark>"
21,"<mark style=""background-color: hsl(0, 75%, 88%); opacity:1.0;                     line-height:1.75""><font color=""black""> [BEGIN]                    </font></mark><mark style=""background-color: hsl(120, 75%, 84%); opacity:1.0;                     line-height:1.75""><font color=""black""> are                    </font></mark><mark style=""background-color: hsl(0, 75%, 77%); opacity:1.0;                     line-height:1.75""><font color=""black""> undermined                    </font></mark><mark style=""background-color: hsl(120, 75%, 97%); opacity:1.0;                     line-height:1.75""><font color=""black""> by                    </font></mark><mark style=""background-color: hsl(120, 75%, 93%); opacity:1.0;                     line-height:1.75""><font color=""black""> the                    </font></mark><mark style=""background-color: hsl(0, 75%, 90%); opacity:1.0;                     line-height:1.75""><font color=""black""> movie                    </font></mark><mark style=""background-color: hsl(120, 75%, 98%); opacity:1.0;                     line-height:1.75""><font color=""black""> 's                    </font></mark><mark style=""background-color: hsl(120, 75%, 96%); opacity:1.0;                     line-height:1.75""><font color=""black""> presentation                    </font></mark><mark style=""background-color: hsl(120, 75%, 95%); opacity:1.0;                     line-height:1.75""><font color=""black""> ,                    </font></mark><mark style=""background-color: hsl(0, 75%, 94%); opacity:1.0;                     line-height:1.75""><font color=""black""> which                    </font></mark><mark style=""background-color: hsl(0, 75%, 92%); opacity:1.0;                     line-height:1.75""><font color=""black""> is                    </font></mark><mark style=""background-color: hsl(120, 75%, 95%); opacity:1.0;                     line-height:1.75""><font color=""black""> way                    </font></mark><mark style=""background-color: hsl(0, 75%, 99%); opacity:1.0;                     line-height:1.75""><font color=""black""> too                    </font></mark><mark style=""background-color: hsl(0, 75%, 91%); opacity:1.0;                     line-height:1.75""><font color=""black""> stagy                    </font></mark><mark style=""background-color: hsl(120, 75%, 94%); opacity:1.0;                     line-height:1.75""><font color=""black""> [END]                    </font></mark>"
22,"<mark style=""background-color: hsl(120, 75%, 98%); opacity:1.0;                     line-height:1.75""><font color=""black""> [BEGIN]                    </font></mark><mark style=""background-color: hsl(120, 75%, 98%); opacity:1.0;                     line-height:1.75""><font color=""black""> a                    </font></mark><mark style=""background-color: hsl(120, 75%, 57%); opacity:1.0;                     line-height:1.75""><font color=""black""> great                    </font></mark><mark style=""background-color: hsl(120, 75%, 82%); opacity:1.0;                     line-height:1.75""><font color=""black""> film                    </font></mark><mark style=""background-color: hsl(0, 75%, 88%); opacity:1.0;                     line-height:1.75""><font color=""black""> [END]                    </font></mark>"
23,"<mark style=""background-color: hsl(0, 75%, 85%); opacity:1.0;                     line-height:1.75""><font color=""black""> [BEGIN]                    </font></mark><mark style=""background-color: hsl(0, 75%, 68%); opacity:1.0;                     line-height:1.75""><font color=""black""> charm                    </font></mark><mark style=""background-color: hsl(0, 75%, 82%); opacity:1.0;                     line-height:1.75""><font color=""black""> [END]                    </font></mark>"
24,"<mark style=""background-color: hsl(0, 75%, 72%); opacity:1.0;                     line-height:1.75""><font color=""black""> [BEGIN]                    </font></mark><mark style=""background-color: hsl(0, 75%, 98%); opacity:1.0;                     line-height:1.75""><font color=""black""> this                    </font></mark><mark style=""background-color: hsl(0, 75%, 96%); opacity:1.0;                     line-height:1.75""><font color=""black""> new                    </font></mark><mark style=""background-color: hsl(120, 75%, 84%); opacity:1.0;                     line-height:1.75""><font color=""black""> jangle                    </font></mark><mark style=""background-color: hsl(120, 75%, 97%); opacity:1.0;                     line-height:1.75""><font color=""black""> of                    </font></mark><mark style=""background-color: hsl(120, 75%, 96%); opacity:1.0;                     line-height:1.75""><font color=""black""> noise                    </font></mark><mark style=""background-color: hsl(120, 75%, 89%); opacity:1.0;                     line-height:1.75""><font color=""black""> ,                    </font></mark><mark style=""background-color: hsl(0, 75%, 94%); opacity:1.0;                     line-height:1.75""><font color=""black""> mayhem                    </font></mark><mark style=""background-color: hsl(120, 75%, 88%); opacity:1.0;                     line-height:1.75""><font color=""black""> and                    </font></mark><mark style=""background-color: hsl(120, 75%, 100%); opacity:1.0;                     line-height:1.75""><font color=""black""> stupidity                    </font></mark><mark style=""background-color: hsl(120, 75%, 77%); opacity:1.0;                     line-height:1.75""><font color=""black""> [END]                    </font></mark>"
25,"<mark style=""background-color: hsl(0, 75%, 87%); opacity:1.0;                     line-height:1.75""><font color=""black""> [BEGIN]                    </font></mark><mark style=""background-color: hsl(0, 75%, 72%); opacity:1.0;                     line-height:1.75""><font color=""black""> sustains                    </font></mark><mark style=""background-color: hsl(0, 75%, 90%); opacity:1.0;                     line-height:1.75""><font color=""black""> it                    </font></mark><mark style=""background-color: hsl(0, 75%, 81%); opacity:1.0;                     line-height:1.75""><font color=""black""> [END]                    </font></mark>"
26,"<mark style=""background-color: hsl(0, 75%, 72%); opacity:1.0;                     line-height:1.75""><font color=""black""> [BEGIN]                    </font></mark><mark style=""background-color: hsl(0, 75%, 97%); opacity:1.0;                     line-height:1.75""><font color=""black""> is                    </font></mark><mark style=""background-color: hsl(0, 75%, 99%); opacity:1.0;                     line-height:1.75""><font color=""black""> so                    </font></mark><mark style=""background-color: hsl(120, 75%, 98%); opacity:1.0;                     line-height:1.75""><font color=""black""> deadly                    </font></mark><mark style=""background-color: hsl(0, 75%, 96%); opacity:1.0;                     line-height:1.75""><font color=""black""> dull                    </font></mark><mark style=""background-color: hsl(0, 75%, 97%); opacity:1.0;                     line-height:1.75""><font color=""black""> that                    </font></mark><mark style=""background-color: hsl(0, 75%, 91%); opacity:1.0;                     line-height:1.75""><font color=""black""> watching                    </font></mark><mark style=""background-color: hsl(120, 75%, 97%); opacity:1.0;                     line-height:1.75""><font color=""black""> the                    </font></mark><mark style=""background-color: hsl(0, 75%, 99%); opacity:1.0;                     line-height:1.75""><font color=""black""> proverbial                    </font></mark><mark style=""background-color: hsl(120, 75%, 89%); opacity:1.0;                     line-height:1.75""><font color=""black""> paint                    </font></mark><mark style=""background-color: hsl(0, 75%, 93%); opacity:1.0;                     line-height:1.75""><font color=""black""> dry                    </font></mark><mark style=""background-color: hsl(0, 75%, 96%); opacity:1.0;                     line-height:1.75""><font color=""black""> would                    </font></mark><mark style=""background-color: hsl(0, 75%, 92%); opacity:1.0;                     line-height:1.75""><font color=""black""> be                    </font></mark><mark style=""background-color: hsl(120, 75%, 96%); opacity:1.0;                     line-height:1.75""><font color=""black""> a                    </font></mark><mark style=""background-color: hsl(0, 75%, 97%); opacity:1.0;                     line-height:1.75""><font color=""black""> welcome                    </font></mark><mark style=""background-color: hsl(120, 75%, 94%); opacity:1.0;                     line-height:1.75""><font color=""black""> improvement                    </font></mark><mark style=""background-color: hsl(0, 75%, 94%); opacity:1.0;                     line-height:1.75""><font color=""black""> .                    </font></mark><mark style=""background-color: hsl(120, 75%, 96%); opacity:1.0;                     line-height:1.75""><font color=""black""> [END]                    </font></mark>"
27,"<mark style=""background-color: hsl(0, 75%, 69%); opacity:1.0;                     line-height:1.75""><font color=""black""> [BEGIN]                    </font></mark><mark style=""background-color: hsl(0, 75%, 77%); opacity:1.0;                     line-height:1.75""><font color=""black""> to                    </font></mark><mark style=""background-color: hsl(120, 75%, 98%); opacity:1.0;                     line-height:1.75""><font color=""black""> accomplish                    </font></mark><mark style=""background-color: hsl(0, 75%, 93%); opacity:1.0;                     line-height:1.75""><font color=""black""> [END]                    </font></mark>"
28,"<mark style=""background-color: hsl(0, 75%, 82%); opacity:1.0;                     line-height:1.75""><font color=""black""> [BEGIN]                    </font></mark><mark style=""background-color: hsl(120, 75%, 74%); opacity:1.0;                     line-height:1.75""><font color=""black""> does                    </font></mark><mark style=""background-color: hsl(120, 75%, 100%); opacity:1.0;                     line-height:1.75""><font color=""black""> n't                    </font></mark><mark style=""background-color: hsl(120, 75%, 89%); opacity:1.0;                     line-height:1.75""><font color=""black""> work                    </font></mark><mark style=""background-color: hsl(120, 75%, 80%); opacity:1.0;                     line-height:1.75""><font color=""black""> .                    </font></mark><mark style=""background-color: hsl(0, 75%, 96%); opacity:1.0;                     line-height:1.75""><font color=""black""> [END]                    </font></mark>"
29,"<mark style=""background-color: hsl(0, 75%, 95%); opacity:1.0;                     line-height:1.75""><font color=""black""> [BEGIN]                    </font></mark><mark style=""background-color: hsl(0, 75%, 96%); opacity:1.0;                     line-height:1.75""><font color=""black""> given                    </font></mark><mark style=""background-color: hsl(0, 75%, 90%); opacity:1.0;                     line-height:1.75""><font color=""black""> it                    </font></mark><mark style=""background-color: hsl(120, 75%, 98%); opacity:1.0;                     line-height:1.75""><font color=""black""> a                    </font></mark><mark style=""background-color: hsl(0, 75%, 97%); opacity:1.0;                     line-height:1.75""><font color=""black""> one-star                    </font></mark><mark style=""background-color: hsl(120, 75%, 80%); opacity:1.0;                     line-height:1.75""><font color=""black""> rating                    </font></mark><mark style=""background-color: hsl(0, 75%, 74%); opacity:1.0;                     line-height:1.75""><font color=""black""> [END]                    </font></mark>"
30,"<mark style=""background-color: hsl(0, 75%, 69%); opacity:1.0;                     line-height:1.75""><font color=""black""> [BEGIN]                    </font></mark><mark style=""background-color: hsl(120, 75%, 98%); opacity:1.0;                     line-height:1.75""><font color=""black""> ice                    </font></mark><mark style=""background-color: hsl(0, 75%, 98%); opacity:1.0;                     line-height:1.75""><font color=""black""> cube                    </font></mark><mark style=""background-color: hsl(120, 75%, 98%); opacity:1.0;                     line-height:1.75""><font color=""black""> is                    </font></mark><mark style=""background-color: hsl(0, 75%, 98%); opacity:1.0;                     line-height:1.75""><font color=""black""> n't                    </font></mark><mark style=""background-color: hsl(120, 75%, 92%); opacity:1.0;                     line-height:1.75""><font color=""black""> quite                    </font></mark><mark style=""background-color: hsl(120, 75%, 92%); opacity:1.0;                     line-height:1.75""><font color=""black""> out                    </font></mark><mark style=""background-color: hsl(0, 75%, 96%); opacity:1.0;                     line-height:1.75""><font color=""black""> of                    </font></mark><mark style=""background-color: hsl(0, 75%, 99%); opacity:1.0;                     line-height:1.75""><font color=""black""> ripe                    </font></mark><mark style=""background-color: hsl(0, 75%, 98%); opacity:1.0;                     line-height:1.75""><font color=""black""> screwball                    </font></mark><mark style=""background-color: hsl(0, 75%, 100%); opacity:1.0;                     line-height:1.75""><font color=""black""> ideas                    </font></mark><mark style=""background-color: hsl(120, 75%, 90%); opacity:1.0;                     line-height:1.75""><font color=""black""> ,                    </font></mark><mark style=""background-color: hsl(0, 75%, 99%); opacity:1.0;                     line-height:1.75""><font color=""black""> but                    </font></mark><mark style=""background-color: hsl(0, 75%, 95%); opacity:1.0;                     line-height:1.75""><font color=""black""> friday                    </font></mark><mark style=""background-color: hsl(0, 75%, 100%); opacity:1.0;                     line-height:1.75""><font color=""black""> after                    </font></mark><mark style=""background-color: hsl(120, 75%, 96%); opacity:1.0;                     line-height:1.75""><font color=""black""> next                    </font></mark><mark style=""background-color: hsl(0, 75%, 94%); opacity:1.0;                     line-height:1.75""><font color=""black""> spreads                    </font></mark><mark style=""background-color: hsl(0, 75%, 96%); opacity:1.0;                     line-height:1.75""><font color=""black""> them                    </font></mark><mark style=""background-color: hsl(120, 75%, 93%); opacity:1.0;                     line-height:1.75""><font color=""black""> pretty                    </font></mark><mark style=""background-color: hsl(0, 75%, 97%); opacity:1.0;                     line-height:1.75""><font color=""black""> thin                    </font></mark><mark style=""background-color: hsl(120, 75%, 95%); opacity:1.0;                     line-height:1.75""><font color=""black""> [END]                    </font></mark>"
31,"<mark style=""background-color: hsl(120, 75%, 81%); opacity:1.0;                     line-height:1.75""><font color=""black""> [BEGIN]                    </font></mark><mark style=""background-color: hsl(0, 75%, 96%); opacity:1.0;                     line-height:1.75""><font color=""black""> been                    </font></mark><mark style=""background-color: hsl(0, 75%, 98%); opacity:1.0;                     line-height:1.75""><font color=""black""> trying                    </font></mark><mark style=""background-color: hsl(120, 75%, 90%); opacity:1.0;                     line-height:1.75""><font color=""black""> to                    </font></mark><mark style=""background-color: hsl(120, 75%, 60%); opacity:1.0;                     line-height:1.75""><font color=""black""> forget                    </font></mark><mark style=""background-color: hsl(0, 75%, 86%); opacity:1.0;                     line-height:1.75""><font color=""black""> [END]                    </font></mark>"
32,"<mark style=""background-color: hsl(120, 75%, 76%); opacity:1.0;                     line-height:1.75""><font color=""black""> [BEGIN]                    </font></mark><mark style=""background-color: hsl(0, 75%, 71%); opacity:1.0;                     line-height:1.75""><font color=""black""> big                    </font></mark><mark style=""background-color: hsl(0, 75%, 100%); opacity:1.0;                     line-height:1.75""><font color=""black""> stars                    </font></mark><mark style=""background-color: hsl(0, 75%, 83%); opacity:1.0;                     line-height:1.75""><font color=""black""> and                    </font></mark><mark style=""background-color: hsl(0, 75%, 95%); opacity:1.0;                     line-height:1.75""><font color=""black""> [END]                    </font></mark>"
33,"<mark style=""background-color: hsl(120, 75%, 95%); opacity:1.0;                     line-height:1.75""><font color=""black""> [BEGIN]                    </font></mark><mark style=""background-color: hsl(0, 75%, 100%); opacity:1.0;                     line-height:1.75""><font color=""black""> of                    </font></mark><mark style=""background-color: hsl(120, 75%, 80%); opacity:1.0;                     line-height:1.75""><font color=""black""> cheesy                    </font></mark><mark style=""background-color: hsl(0, 75%, 99%); opacity:1.0;                     line-height:1.75""><font color=""black""> dialogue                    </font></mark><mark style=""background-color: hsl(120, 75%, 74%); opacity:1.0;                     line-height:1.75""><font color=""black""> [END]                    </font></mark>"
34,"<mark style=""background-color: hsl(0, 75%, 85%); opacity:1.0;                     line-height:1.75""><font color=""black""> [BEGIN]                    </font></mark><mark style=""background-color: hsl(0, 75%, 98%); opacity:1.0;                     line-height:1.75""><font color=""black""> the                    </font></mark><mark style=""background-color: hsl(0, 75%, 82%); opacity:1.0;                     line-height:1.75""><font color=""black""> chateau                    </font></mark><mark style=""background-color: hsl(120, 75%, 97%); opacity:1.0;                     line-height:1.75""><font color=""black""> is                    </font></mark><mark style=""background-color: hsl(0, 75%, 100%); opacity:1.0;                     line-height:1.75""><font color=""black""> never                    </font></mark><mark style=""background-color: hsl(0, 75%, 90%); opacity:1.0;                     line-height:1.75""><font color=""black""> quite                    </font></mark><mark style=""background-color: hsl(0, 75%, 94%); opacity:1.0;                     line-height:1.75""><font color=""black""> able                    </font></mark><mark style=""background-color: hsl(0, 75%, 94%); opacity:1.0;                     line-height:1.75""><font color=""black""> to                    </font></mark><mark style=""background-color: hsl(0, 75%, 96%); opacity:1.0;                     line-height:1.75""><font color=""black""> overcome                    </font></mark><mark style=""background-color: hsl(0, 75%, 92%); opacity:1.0;                     line-height:1.75""><font color=""black""> the                    </font></mark><mark style=""background-color: hsl(0, 75%, 96%); opacity:1.0;                     line-height:1.75""><font color=""black""> cultural                    </font></mark><mark style=""background-color: hsl(120, 75%, 99%); opacity:1.0;                     line-height:1.75""><font color=""black""> moat                    </font></mark><mark style=""background-color: hsl(0, 75%, 89%); opacity:1.0;                     line-height:1.75""><font color=""black""> surrounding                    </font></mark><mark style=""background-color: hsl(0, 75%, 91%); opacity:1.0;                     line-height:1.75""><font color=""black""> its                    </font></mark><mark style=""background-color: hsl(120, 75%, 97%); opacity:1.0;                     line-height:1.75""><font color=""black""> ludicrous                    </font></mark><mark style=""background-color: hsl(0, 75%, 100%); opacity:1.0;                     line-height:1.75""><font color=""black""> and                    </font></mark><mark style=""background-color: hsl(120, 75%, 98%); opacity:1.0;                     line-height:1.75""><font color=""black""> contrived                    </font></mark><mark style=""background-color: hsl(0, 75%, 96%); opacity:1.0;                     line-height:1.75""><font color=""black""> plot                    </font></mark><mark style=""background-color: hsl(0, 75%, 96%); opacity:1.0;                     line-height:1.75""><font color=""black""> .                    </font></mark><mark style=""background-color: hsl(0, 75%, 100%); opacity:1.0;                     line-height:1.75""><font color=""black""> '                    </font></mark><mark style=""background-color: hsl(0, 75%, 96%); opacity:1.0;                     line-height:1.75""><font color=""black""> [END]                    </font></mark>"
35,"<mark style=""background-color: hsl(0, 75%, 79%); opacity:1.0;                     line-height:1.75""><font color=""black""> [BEGIN]                    </font></mark><mark style=""background-color: hsl(0, 75%, 69%); opacity:1.0;                     line-height:1.75""><font color=""black""> principled                    </font></mark><mark style=""background-color: hsl(0, 75%, 88%); opacity:1.0;                     line-height:1.75""><font color=""black""> [END]                    </font></mark>"
36,"<mark style=""background-color: hsl(0, 75%, 89%); opacity:1.0;                     line-height:1.75""><font color=""black""> [BEGIN]                    </font></mark><mark style=""background-color: hsl(120, 75%, 99%); opacity:1.0;                     line-height:1.75""><font color=""black""> end                    </font></mark><mark style=""background-color: hsl(0, 75%, 90%); opacity:1.0;                     line-height:1.75""><font color=""black""> it                    </font></mark><mark style=""background-color: hsl(0, 75%, 92%); opacity:1.0;                     line-height:1.75""><font color=""black""> all                    </font></mark><mark style=""background-color: hsl(0, 75%, 88%); opacity:1.0;                     line-height:1.75""><font color=""black""> by                    </font></mark><mark style=""background-color: hsl(0, 75%, 94%); opacity:1.0;                     line-height:1.75""><font color=""black""> stuffing                    </font></mark><mark style=""background-color: hsl(0, 75%, 92%); opacity:1.0;                     line-height:1.75""><font color=""black""> himself                    </font></mark><mark style=""background-color: hsl(0, 75%, 92%); opacity:1.0;                     line-height:1.75""><font color=""black""> into                    </font></mark><mark style=""background-color: hsl(0, 75%, 92%); opacity:1.0;                     line-height:1.75""><font color=""black""> an                    </font></mark><mark style=""background-color: hsl(0, 75%, 90%); opacity:1.0;                     line-height:1.75""><font color=""black""> electric                    </font></mark><mark style=""background-color: hsl(0, 75%, 82%); opacity:1.0;                     line-height:1.75""><font color=""black""> pencil                    </font></mark><mark style=""background-color: hsl(0, 75%, 84%); opacity:1.0;                     line-height:1.75""><font color=""black""> sharpener                    </font></mark><mark style=""background-color: hsl(0, 75%, 91%); opacity:1.0;                     line-height:1.75""><font color=""black""> [END]                    </font></mark>"
37,"<mark style=""background-color: hsl(0, 75%, 90%); opacity:1.0;                     line-height:1.75""><font color=""black""> [BEGIN]                    </font></mark><mark style=""background-color: hsl(0, 75%, 100%); opacity:1.0;                     line-height:1.75""><font color=""black""> funniest                    </font></mark><mark style=""background-color: hsl(120, 75%, 99%); opacity:1.0;                     line-height:1.75""><font color=""black""> idea                    </font></mark><mark style=""background-color: hsl(0, 75%, 72%); opacity:1.0;                     line-height:1.75""><font color=""black""> [END]                    </font></mark>"
38,"<mark style=""background-color: hsl(0, 75%, 95%); opacity:1.0;                     line-height:1.75""><font color=""black""> [BEGIN]                    </font></mark><mark style=""background-color: hsl(0, 75%, 85%); opacity:1.0;                     line-height:1.75""><font color=""black""> silly                    </font></mark><mark style=""background-color: hsl(0, 75%, 90%); opacity:1.0;                     line-height:1.75""><font color=""black""> and                    </font></mark><mark style=""background-color: hsl(0, 75%, 81%); opacity:1.0;                     line-height:1.75""><font color=""black""> tedious                    </font></mark><mark style=""background-color: hsl(0, 75%, 74%); opacity:1.0;                     line-height:1.75""><font color=""black""> [END]                    </font></mark>"
39,"<mark style=""background-color: hsl(0, 75%, 88%); opacity:1.0;                     line-height:1.75""><font color=""black""> [BEGIN]                    </font></mark><mark style=""background-color: hsl(120, 75%, 92%); opacity:1.0;                     line-height:1.75""><font color=""black""> two                    </font></mark><mark style=""background-color: hsl(0, 75%, 98%); opacity:1.0;                     line-height:1.75""><font color=""black""> surefire                    </font></mark><mark style=""background-color: hsl(0, 75%, 89%); opacity:1.0;                     line-height:1.75""><font color=""black""> ,                    </font></mark><mark style=""background-color: hsl(120, 75%, 75%); opacity:1.0;                     line-height:1.75""><font color=""black""> beloved                    </font></mark><mark style=""background-color: hsl(0, 75%, 94%); opacity:1.0;                     line-height:1.75""><font color=""black""> genres                    </font></mark><mark style=""background-color: hsl(0, 75%, 76%); opacity:1.0;                     line-height:1.75""><font color=""black""> [END]                    </font></mark>"
40,"<mark style=""background-color: hsl(0, 75%, 83%); opacity:1.0;                     line-height:1.75""><font color=""black""> [BEGIN]                    </font></mark><mark style=""background-color: hsl(0, 75%, 83%); opacity:1.0;                     line-height:1.75""><font color=""black""> most                    </font></mark><mark style=""background-color: hsl(0, 75%, 74%); opacity:1.0;                     line-height:1.75""><font color=""black""> charmless                    </font></mark><mark style=""background-color: hsl(0, 75%, 92%); opacity:1.0;                     line-height:1.75""><font color=""black""> [END]                    </font></mark>"
41,"<mark style=""background-color: hsl(120, 75%, 91%); opacity:1.0;                     line-height:1.75""><font color=""black""> [BEGIN]                    </font></mark><mark style=""background-color: hsl(120, 75%, 90%); opacity:1.0;                     line-height:1.75""><font color=""black""> offers                    </font></mark><mark style=""background-color: hsl(120, 75%, 85%); opacity:1.0;                     line-height:1.75""><font color=""black""> us                    </font></mark><mark style=""background-color: hsl(120, 75%, 83%); opacity:1.0;                     line-height:1.75""><font color=""black""> the                    </font></mark><mark style=""background-color: hsl(120, 75%, 85%); opacity:1.0;                     line-height:1.75""><font color=""black""> sense                    </font></mark><mark style=""background-color: hsl(120, 75%, 94%); opacity:1.0;                     line-height:1.75""><font color=""black""> that                    </font></mark><mark style=""background-color: hsl(0, 75%, 96%); opacity:1.0;                     line-height:1.75""><font color=""black""> on                    </font></mark><mark style=""background-color: hsl(120, 75%, 100%); opacity:1.0;                     line-height:1.75""><font color=""black""> some                    </font></mark><mark style=""background-color: hsl(120, 75%, 91%); opacity:1.0;                     line-height:1.75""><font color=""black""> elemental                    </font></mark><mark style=""background-color: hsl(120, 75%, 93%); opacity:1.0;                     line-height:1.75""><font color=""black""> level                    </font></mark><mark style=""background-color: hsl(0, 75%, 99%); opacity:1.0;                     line-height:1.75""><font color=""black""> ,                    </font></mark><mark style=""background-color: hsl(0, 75%, 98%); opacity:1.0;                     line-height:1.75""><font color=""black""> lilia                    </font></mark><mark style=""background-color: hsl(120, 75%, 90%); opacity:1.0;                     line-height:1.75""><font color=""black""> deeply                    </font></mark><mark style=""background-color: hsl(120, 75%, 86%); opacity:1.0;                     line-height:1.75""><font color=""black""> wants                    </font></mark><mark style=""background-color: hsl(120, 75%, 86%); opacity:1.0;                     line-height:1.75""><font color=""black""> to                    </font></mark><mark style=""background-color: hsl(0, 75%, 98%); opacity:1.0;                     line-height:1.75""><font color=""black""> break                    </font></mark><mark style=""background-color: hsl(120, 75%, 86%); opacity:1.0;                     line-height:1.75""><font color=""black""> free                    </font></mark><mark style=""background-color: hsl(120, 75%, 91%); opacity:1.0;                     line-height:1.75""><font color=""black""> of                    </font></mark><mark style=""background-color: hsl(120, 75%, 98%); opacity:1.0;                     line-height:1.75""><font color=""black""> her                    </font></mark><mark style=""background-color: hsl(0, 75%, 98%); opacity:1.0;                     line-height:1.75""><font color=""black""> old                    </font></mark><mark style=""background-color: hsl(120, 75%, 92%); opacity:1.0;                     line-height:1.75""><font color=""black""> life                    </font></mark><mark style=""background-color: hsl(120, 75%, 83%); opacity:1.0;                     line-height:1.75""><font color=""black""> .                    </font></mark><mark style=""background-color: hsl(120, 75%, 100%); opacity:1.0;                     line-height:1.75""><font color=""black""> [END]                    </font></mark>"
42,"<mark style=""background-color: hsl(0, 75%, 82%); opacity:1.0;                     line-height:1.75""><font color=""black""> [BEGIN]                    </font></mark><mark style=""background-color: hsl(0, 75%, 85%); opacity:1.0;                     line-height:1.75""><font color=""black""> might                    </font></mark><mark style=""background-color: hsl(0, 75%, 84%); opacity:1.0;                     line-height:1.75""><font color=""black""> be                    </font></mark><mark style=""background-color: hsl(0, 75%, 82%); opacity:1.0;                     line-height:1.75""><font color=""black""> best                    </font></mark><mark style=""background-color: hsl(0, 75%, 87%); opacity:1.0;                     line-height:1.75""><font color=""black""> forgotten                    </font></mark><mark style=""background-color: hsl(0, 75%, 85%); opacity:1.0;                     line-height:1.75""><font color=""black""> [END]                    </font></mark>"
43,"<mark style=""background-color: hsl(120, 75%, 78%); opacity:1.0;                     line-height:1.75""><font color=""black""> [BEGIN]                    </font></mark><mark style=""background-color: hsl(120, 75%, 95%); opacity:1.0;                     line-height:1.75""><font color=""black""> a                    </font></mark><mark style=""background-color: hsl(120, 75%, 92%); opacity:1.0;                     line-height:1.75""><font color=""black""> substantial                    </font></mark><mark style=""background-color: hsl(120, 75%, 100%); opacity:1.0;                     line-height:1.75""><font color=""black""> arc                    </font></mark><mark style=""background-color: hsl(120, 75%, 95%); opacity:1.0;                     line-height:1.75""><font color=""black""> of                    </font></mark><mark style=""background-color: hsl(120, 75%, 97%); opacity:1.0;                     line-height:1.75""><font color=""black""> change                    </font></mark><mark style=""background-color: hsl(120, 75%, 95%); opacity:1.0;                     line-height:1.75""><font color=""black""> that                    </font></mark><mark style=""background-color: hsl(120, 75%, 83%); opacity:1.0;                     line-height:1.75""><font color=""black""> does                    </font></mark><mark style=""background-color: hsl(0, 75%, 100%); opacity:1.0;                     line-height:1.75""><font color=""black""> n't                    </font></mark><mark style=""background-color: hsl(0, 75%, 93%); opacity:1.0;                     line-height:1.75""><font color=""black""> produce                    </font></mark><mark style=""background-color: hsl(0, 75%, 75%); opacity:1.0;                     line-height:1.75""><font color=""black""> any                    </font></mark><mark style=""background-color: hsl(120, 75%, 82%); opacity:1.0;                     line-height:1.75""><font color=""black""> real                    </font></mark><mark style=""background-color: hsl(120, 75%, 95%); opacity:1.0;                     line-height:1.75""><font color=""black""> transformation                    </font></mark><mark style=""background-color: hsl(120, 75%, 94%); opacity:1.0;                     line-height:1.75""><font color=""black""> [END]                    </font></mark>"
44,"<mark style=""background-color: hsl(120, 75%, 56%); opacity:1.0;                     line-height:1.75""><font color=""black""> [BEGIN]                    </font></mark><mark style=""background-color: hsl(0, 75%, 95%); opacity:1.0;                     line-height:1.75""><font color=""black""> unadorned                    </font></mark><mark style=""background-color: hsl(0, 75%, 95%); opacity:1.0;                     line-height:1.75""><font color=""black""> [END]                    </font></mark>"
45,"<mark style=""background-color: hsl(120, 75%, 96%); opacity:1.0;                     line-height:1.75""><font color=""black""> [BEGIN]                    </font></mark><mark style=""background-color: hsl(0, 75%, 98%); opacity:1.0;                     line-height:1.75""><font color=""black""> this                    </font></mark><mark style=""background-color: hsl(0, 75%, 99%); opacity:1.0;                     line-height:1.75""><font color=""black""> is                    </font></mark><mark style=""background-color: hsl(0, 75%, 98%); opacity:1.0;                     line-height:1.75""><font color=""black""> the                    </font></mark><mark style=""background-color: hsl(0, 75%, 97%); opacity:1.0;                     line-height:1.75""><font color=""black""> kind                    </font></mark><mark style=""background-color: hsl(120, 75%, 95%); opacity:1.0;                     line-height:1.75""><font color=""black""> of                    </font></mark><mark style=""background-color: hsl(120, 75%, 98%); opacity:1.0;                     line-height:1.75""><font color=""black""> movie                    </font></mark><mark style=""background-color: hsl(0, 75%, 95%); opacity:1.0;                     line-height:1.75""><font color=""black""> that                    </font></mark><mark style=""background-color: hsl(0, 75%, 94%); opacity:1.0;                     line-height:1.75""><font color=""black""> you                    </font></mark><mark style=""background-color: hsl(120, 75%, 100%); opacity:1.0;                     line-height:1.75""><font color=""black""> only                    </font></mark><mark style=""background-color: hsl(120, 75%, 97%); opacity:1.0;                     line-height:1.75""><font color=""black""> need                    </font></mark><mark style=""background-color: hsl(0, 75%, 97%); opacity:1.0;                     line-height:1.75""><font color=""black""> to                    </font></mark><mark style=""background-color: hsl(0, 75%, 95%); opacity:1.0;                     line-height:1.75""><font color=""black""> watch                    </font></mark><mark style=""background-color: hsl(120, 75%, 99%); opacity:1.0;                     line-height:1.75""><font color=""black""> for                    </font></mark><mark style=""background-color: hsl(0, 75%, 100%); opacity:1.0;                     line-height:1.75""><font color=""black""> about                    </font></mark><mark style=""background-color: hsl(120, 75%, 97%); opacity:1.0;                     line-height:1.75""><font color=""black""> thirty                    </font></mark><mark style=""background-color: hsl(120, 75%, 99%); opacity:1.0;                     line-height:1.75""><font color=""black""> seconds                    </font></mark><mark style=""background-color: hsl(120, 75%, 99%); opacity:1.0;                     line-height:1.75""><font color=""black""> before                    </font></mark><mark style=""background-color: hsl(0, 75%, 94%); opacity:1.0;                     line-height:1.75""><font color=""black""> you                    </font></mark><mark style=""background-color: hsl(120, 75%, 99%); opacity:1.0;                     line-height:1.75""><font color=""black""> say                    </font></mark><mark style=""background-color: hsl(0, 75%, 93%); opacity:1.0;                     line-height:1.75""><font color=""black""> to                    </font></mark><mark style=""background-color: hsl(0, 75%, 94%); opacity:1.0;                     line-height:1.75""><font color=""black""> yourself                    </font></mark><mark style=""background-color: hsl(0, 75%, 100%); opacity:1.0;                     line-height:1.75""><font color=""black""> ,                    </font></mark><mark style=""background-color: hsl(0, 75%, 86%); opacity:1.0;                     line-height:1.75""><font color=""black""> `                    </font></mark><mark style=""background-color: hsl(120, 75%, 98%); opacity:1.0;                     line-height:1.75""><font color=""black""> ah                    </font></mark><mark style=""background-color: hsl(0, 75%, 99%); opacity:1.0;                     line-height:1.75""><font color=""black""> ,                    </font></mark><mark style=""background-color: hsl(0, 75%, 100%); opacity:1.0;                     line-height:1.75""><font color=""black""> yes                    </font></mark><mark style=""background-color: hsl(120, 75%, 92%); opacity:1.0;                     line-height:1.75""><font color=""black""> ,                    </font></mark><mark style=""background-color: hsl(120, 75%, 98%); opacity:1.0;                     line-height:1.75""><font color=""black""> here                    </font></mark><mark style=""background-color: hsl(120, 75%, 100%); opacity:1.0;                     line-height:1.75""><font color=""black""> we                    </font></mark><mark style=""background-color: hsl(0, 75%, 95%); opacity:1.0;                     line-height:1.75""><font color=""black""> have                    </font></mark><mark style=""background-color: hsl(120, 75%, 98%); opacity:1.0;                     line-height:1.75""><font color=""black""> a                    </font></mark><mark style=""background-color: hsl(0, 75%, 95%); opacity:1.0;                     line-height:1.75""><font color=""black""> bad                    </font></mark><mark style=""background-color: hsl(120, 75%, 98%); opacity:1.0;                     line-height:1.75""><font color=""black""> ,                    </font></mark><mark style=""background-color: hsl(120, 75%, 91%); opacity:1.0;                     line-height:1.75""><font color=""black""> bad                    </font></mark><mark style=""background-color: hsl(0, 75%, 96%); opacity:1.0;                     line-height:1.75""><font color=""black""> ,                    </font></mark><mark style=""background-color: hsl(120, 75%, 94%); opacity:1.0;                     line-height:1.75""><font color=""black""> bad                    </font></mark><mark style=""background-color: hsl(0, 75%, 75%); opacity:1.0;                     line-height:1.75""><font color=""black""> movie                    </font></mark><mark style=""background-color: hsl(0, 75%, 97%); opacity:1.0;                     line-height:1.75""><font color=""black""> .                    </font></mark><mark style=""background-color: hsl(120, 75%, 98%); opacity:1.0;                     line-height:1.75""><font color=""black""> '                    </font></mark><mark style=""background-color: hsl(0, 75%, 89%); opacity:1.0;                     line-height:1.75""><font color=""black""> [END]                    </font></mark>"
46,"<mark style=""background-color: hsl(120, 75%, 77%); opacity:1.0;                     line-height:1.75""><font color=""black""> [BEGIN]                    </font></mark><mark style=""background-color: hsl(120, 75%, 84%); opacity:1.0;                     line-height:1.75""><font color=""black""> feel                    </font></mark><mark style=""background-color: hsl(120, 75%, 97%); opacity:1.0;                     line-height:1.75""><font color=""black""> sanitised                    </font></mark><mark style=""background-color: hsl(120, 75%, 94%); opacity:1.0;                     line-height:1.75""><font color=""black""> and                    </font></mark><mark style=""background-color: hsl(120, 75%, 80%); opacity:1.0;                     line-height:1.75""><font color=""black""> stagey                    </font></mark><mark style=""background-color: hsl(0, 75%, 82%); opacity:1.0;                     line-height:1.75""><font color=""black""> [END]                    </font></mark>"
47,"<mark style=""background-color: hsl(0, 75%, 95%); opacity:1.0;                     line-height:1.75""><font color=""black""> [BEGIN]                    </font></mark><mark style=""background-color: hsl(0, 75%, 96%); opacity:1.0;                     line-height:1.75""><font color=""black""> replete                    </font></mark><mark style=""background-color: hsl(0, 75%, 68%); opacity:1.0;                     line-height:1.75""><font color=""black""> with                    </font></mark><mark style=""background-color: hsl(0, 75%, 92%); opacity:1.0;                     line-height:1.75""><font color=""black""> stereotypical                    </font></mark><mark style=""background-color: hsl(120, 75%, 97%); opacity:1.0;                     line-height:1.75""><font color=""black""> familial                    </font></mark><mark style=""background-color: hsl(0, 75%, 94%); opacity:1.0;                     line-height:1.75""><font color=""black""> quandaries                    </font></mark><mark style=""background-color: hsl(120, 75%, 100%); opacity:1.0;                     line-height:1.75""><font color=""black""> [END]                    </font></mark>"
48,"<mark style=""background-color: hsl(0, 75%, 78%); opacity:1.0;                     line-height:1.75""><font color=""black""> [BEGIN]                    </font></mark><mark style=""background-color: hsl(120, 75%, 87%); opacity:1.0;                     line-height:1.75""><font color=""black""> quirky                    </font></mark><mark style=""background-color: hsl(0, 75%, 85%); opacity:1.0;                     line-height:1.75""><font color=""black""> comedy                    </font></mark><mark style=""background-color: hsl(0, 75%, 74%); opacity:1.0;                     line-height:1.75""><font color=""black""> [END]                    </font></mark>"
49,"<mark style=""background-color: hsl(0, 75%, 79%); opacity:1.0;                     line-height:1.75""><font color=""black""> [BEGIN]                    </font></mark><mark style=""background-color: hsl(0, 75%, 95%); opacity:1.0;                     line-height:1.75""><font color=""black""> unrewarding                    </font></mark><mark style=""background-color: hsl(0, 75%, 90%); opacity:1.0;                     line-height:1.75""><font color=""black""> [END]                    </font></mark>"
50,"<mark style=""background-color: hsl(0, 75%, 94%); opacity:1.0;                     line-height:1.75""><font color=""black""> [BEGIN]                    </font></mark><mark style=""background-color: hsl(0, 75%, 77%); opacity:1.0;                     line-height:1.75""><font color=""black""> old-hat                    </font></mark><mark style=""background-color: hsl(0, 75%, 89%); opacity:1.0;                     line-height:1.75""><font color=""black""> [END]                    </font></mark>"
